[

     {
     
       "name": "Krypteia",
      "unitType": "Sword",
      "requiredTech": "Iron Working",
      "movement": 2,
      "strength": 15,
      "cost": 80,
      "obsoleteTech": "Gunpowder",
      "upgradesTo": "Musketman",
      "replaces": "Swordsman",
      "uniqueTo": "Sparta",
      "uniques": ["Never appears as a Barbarian unit", "+[3] Strength <when attacking>", "-[3] Strength <when defending>"],
      "requiredResource": "Iron",

      },
      {
     
       "name": "Macedonian Phalanx",
      "unitType": "Sword",
      "requiredTech": "Bronze Working",
      "movement": 2,
      "strength": 24,
      "cost": 80,
      "obsoleteTech": "Civil Service",
      "upgradesTo": "Pikeman",
      "replaces": "Spearman",
      "requiredResource": "Copper",
      "promotions": ["Phalanx"],
      "uniqueTo": "Macedon",
    
      "uniques": ["Never appears as a Barbarian unit","+[10]% Strength for [All] units which have another [Millitary] unit in an adjacent tile"],
     
      },
        {
     
       "name": "Spartan Phalanx",
      "unitType": "Sword",
      "requiredTech": "Bronze Working",
      "movement": 2,
      "strength": 15,
      "cost": 65,
      "obsoleteTech": "Civil Service",
      "upgradesTo": "Pikeman",
      "replaces": "Spearman",
      "requiredResource": "Copper",
      "uniqueTo": "Sparta",
      "promotions": ["Phalanx"],
      "uniques": ["Never appears as a Barbarian unit", "[-10]% Strength <vs [Melee] units>","[+20]% Strength <vs [Mounted] units>", "[+20]% Strength <vs [Ranged] units> <when defending>"],
     
      },
      {
     
       "name": "Platono's Cluster",
      "unitType": "Melee Water",
      "requiredTech": "Sailing",
      "movement": 8,
      "strength": 13,
      "cost": 60,
      "obsoleteTech": "Astronomy",
      "upgradesTo": "Caravel",
      "replaces": "Trireme",
      "uniqueTo": "Crete",
      "uniques": ["Never appears as a Barbarian unit", "[+50]% Strength <vs [Water] units>", "May capture killed [Water] units"],

      },
       {
     
       "name": "Cretan Archer",
      "unitType": "Ranged",
      "requiredTech": "Archery",
      "range": 2,
      "movement": 2,
      "strength": 7,
      "rangedStrength": 9
      "cost": 70,
      "obsoleteTech": "Construction",
      "upgradesTo": "Composite Bowman",
      "replaces": "Archer",
      "uniqueTo": "Crete",
      "uniques": ["Never appears as a Barbarian unit", "[+20]% Strength <vs [Melee] units> <when defending>", "[+10]% Strength <vs [Ranged] units>"],

      },
      {
     
       "name": "Turkoman Cavalry",
      "unitType": "Mounted",
      "requiredTech": "Chivalry",
      "movement": 4,
      "strength": 25,
      "cost": 140,
      "obsoleteTech": "Civil Service",
      "upgradesTo": "Cavalry",
      "upgradesFrom": "Horseman",
      "replaces": "Knight",
      "requiredResource": "Horses",
      "uniqueTo": "Timurids",
      "uniques": ["[+10]% Strength <vs [Melee] units>","[+10]% Strength <vs [Mounted] units>", "[-20]% Strength <vs [Ranged] units> <when defending>", "[-33]% Strength <vs cities>", "Can move after attacking", "No defensive terrain bonus"],
     
      },
   



]
